Wall time,Step,Value
1615374083.5766413,1210,-21.73560333251953
1615374107.0468998,2823,-22.8278751373291
1615374114.247734,3395,-24.18940544128418
1615374126.8550515,4288,-24.414548873901367
1615374155.1364079,6591,-21.41303253173828
1615374158.6310494,6934,-21.610519409179688
1615374162.927476,7436,-21.365129470825195
1615374165.9778762,7687,-21.57942771911621
1615374169.3558152,7800,-21.26215362548828
1615374178.8394897,8745,-20.75575828552246
1615374181.7270508,8786,-20.619667053222656
1615374185.3008542,9072,-20.487895965576172
1615374203.5529861,10777,-19.48579216003418
1615374217.9643285,11894,-19.092586517333984
1615374220.0958402,12012,-19.069072723388672
1615374221.6566048,12263,-19.126195907592773
1615374224.704448,12451,-19.098526000976562
1615374235.043712,13249,-18.856605529785156
1615374253.299798,14847,-18.262187957763672
1615374267.4593918,15895,-17.942672729492188
1615374282.1967106,17164,-16.872543334960938
1615374289.4643295,17655,-16.90934944152832
1615374291.3052282,17897,-16.947359085083008
1615374307.3491917,19136,-15.934601783752441
1615374316.907502,19979,-15.204078674316406
1615374331.659748,21174,-13.807066917419434
1615374338.1802068,21702,-13.27303695678711
1615374341.0984924,21740,-13.284804344177246
1615374354.4980745,22819,-12.755032539367676
1615374356.0586915,23020,-12.518122673034668
1615374357.4451635,23081,-12.262351989746094
1615374367.849803,23934,-11.649431228637695
1615374377.2645466,24650,-10.823160171508789
1615374381.2049143,25063,-10.74066162109375
1615374383.217153,25236,-10.80661678314209
1615374397.2685022,26351,-9.826382637023926
1615374399.0586848,26449,-9.571127891540527
1615374402.506716,26727,-9.20273494720459
1615374413.7334778,27757,-7.706313133239746
1615374416.5083134,27872,-7.808650493621826
1615374422.7147036,28460,-7.474986553192139
1615374426.8075826,28713,-7.533995628356934
1615374428.2629688,28744,-7.651214122772217
1615374432.728242,29309,-7.496950626373291
1615374435.8433025,29513,-7.588927745819092
1615374450.32382,30583,-7.311038494110107
1615374462.9058044,31516,-7.206092357635498
1615374464.0958686,31767,-7.123023509979248
1615374467.1603048,32018,-7.067224025726318
1615374478.1881065,32558,-6.862586498260498
1615374497.3567781,34285,-7.0513434410095215
1615374509.6302361,35187,-7.5079803466796875
1615374518.5488966,35805,-7.40335750579834
1615374524.5715866,36289,-7.378439426422119
1615374538.2117324,37589,-7.6486968994140625
1615374548.1692336,38229,-7.73403263092041
1615374558.253507,39048,-7.725518703460693
1615374564.1490834,39360,-7.536463737487793
1615374570.9614537,40080,-8.100136756896973
1615374577.718386,40536,-8.764763832092285
1615374580.8382227,40878,-9.327229499816895
1615374593.5081754,41791,-10.30362319946289
1615374626.9348822,44431,-11.192092895507812
1615374639.0722542,45528,-11.78813362121582
1615374642.0236409,45617,-11.75963020324707
1615374652.2041607,46588,-12.461883544921875
1615374662.1037679,47383,-13.24165153503418
1615374665.0055509,47425,-13.24166202545166
1615374665.9865768,47536,-13.183473587036133
1615374685.0831091,49239,-14.087672233581543
1615374688.2287998,49490,-14.431795120239258
1615374701.014944,50317,-14.975192070007324
1615374701.46203,50392,-14.741345405578613
1615374702.5676255,50643,-15.114483833312988
1615374711.2310495,51257,-15.35550308227539
1615374725.705989,52454,-15.560689926147461
1615374745.4273186,53830,-15.480989456176758
1615374778.4353454,56514,-15.884903907775879
1615374787.2519686,57168,-15.41881275177002
1615374800.162892,58098,-14.918731689453125
1615374808.757042,58501,-14.270782470703125
1615374811.9658916,58917,-14.238992691040039
1615374838.9255333,60863,-13.280466079711914
1615374842.4141731,61114,-13.44961929321289
1615374874.5343587,63387,-10.562692642211914
1615374902.7416282,65385,-8.093454360961914
1615374905.9040422,65415,-8.0779390335083
1615374910.0128205,65809,-7.694711685180664
1615374921.2104962,66620,-6.923644542694092
1615374945.8369713,68214,-6.023011207580566
1615374956.482638,68716,-5.899149417877197
1615374961.7837985,68759,-5.90167760848999
1615374973.7452273,69378,-6.298911094665527
1615374984.58834,70053,-6.2837066650390625
1615375004.1171107,71258,-5.96467924118042
1615375008.306095,71561,-5.828493595123291
1615375009.490922,71812,-6.061239719390869
1615375026.8051853,72806,-6.309519290924072
1615375028.9013364,72898,-6.072430610656738
1615375068.1054373,75157,-5.903385639190674
1615375070.725158,75297,-5.561965465545654
1615375073.0505352,75474,-5.594635486602783
1615375121.1633146,77810,-5.647536277770996
1615375134.537725,78288,-6.3428144454956055
1615375137.7898462,78399,-6.4947943687438965
1615375149.5675051,78992,-6.287941932678223
1615375170.1434386,79976,-6.921591281890869
1615375185.6952574,80712,-7.386240482330322
1615375187.9864924,80815,-7.285441875457764
1615375193.9622574,81311,-7.503087043762207
1615375210.4907358,81947,-7.4451117515563965
1615375228.4383185,82675,-6.797451496124268
1615375230.4402575,82761,-6.745276927947998
1615375254.1438313,83863,-6.856606960296631
1615375258.1420462,84125,-6.977488994598389
1615375270.6685772,84807,-6.985635280609131
1615375274.6776102,85058,-7.059590816497803
1615375293.135287,85838,-6.9317474365234375
1615375301.6603296,86163,-6.679508209228516
1615375303.1383111,86234,-6.92998743057251
1615375318.55413,86957,-6.2552170753479
1615375321.8220527,87140,-6.097733974456787
1615375323.3720865,87391,-6.133606433868408
1615375329.7280505,87716,-6.117928981781006
1615375335.60184,88024,-5.797025680541992
1615375340.9866955,88119,-5.856947422027588
1615375359.0690024,89138,-5.947093963623047
1615375364.007668,89389,-5.865206241607666
1615375399.2467659,91044,-6.325893878936768
1615375417.2338707,91756,-5.972352981567383
1615375421.2730331,91845,-5.7207560539245605
1615375436.2518914,92813,-4.957682132720947
1615375450.105701,93339,-4.4235100746154785
1615375453.2366564,93649,-4.3242950439453125
1615375498.0683296,95396,-4.027586460113525
1615375520.45242,96533,-4.092601776123047
1615375526.8494473,96784,-4.18308687210083
1615375540.6363654,97203,-3.85398006439209
1615375544.9178178,97439,-4.040311813354492
1615375552.3618236,97690,-4.094837188720703
1615375558.8527646,97736,-4.072178840637207
1615375567.6647167,98052,-3.9500443935394287
1615375574.6467276,98483,-3.4301164150238037
1615375598.6716638,99315,-3.7209393978118896
1615375619.4925978,100090,-4.016617774963379
1615375630.5305254,100551,-4.059086322784424
1615375647.5779166,101244,-4.043473720550537
1615375660.6373525,101671,-3.5844430923461914
1615375667.4113953,101922,-3.5808629989624023
1615375675.434851,102037,-3.564908266067505
1615375676.086057,102082,-3.5335941314697266
1615375685.9617784,102680,-3.4729340076446533
1615375694.021173,102757,-3.702075242996216
1615375704.4282384,103334,-3.856377124786377
1615375709.7706394,103381,-3.8201282024383545
1615375724.0239005,104009,-3.924562692642212
1615375726.3550296,104260,-4.038590908050537
1615375764.130036,105748,-4.578054428100586
1615375776.6669548,106029,-4.360353946685791
1615375794.818614,106600,-3.8021676540374756
1615375801.9462242,106871,-3.9493818283081055
1615375812.1140327,107373,-4.29974889755249
1615375824.2032468,107843,-4.460879325866699
1615375840.604856,108431,-4.657780647277832
1615375858.685306,108916,-4.464261531829834
1615375870.9923785,109391,-4.749783515930176
1615375872.3394668,109642,-4.602024078369141
1615375878.1151717,109694,-4.338654041290283
1615375879.4831877,109855,-4.094937324523926
1615375902.2938864,110739,-3.8794238567352295
1615375919.2253268,111408,-4.126179218292236
1615375923.0322385,111760,-4.167431831359863
1615375927.8868785,111820,-3.8761696815490723
1615375935.2781026,112162,-3.6122312545776367
1615375946.0632868,112837,-4.031203746795654
1615375954.568349,113228,-3.9969522953033447
1615375960.447371,113332,-4.252041816711426
1615375963.093545,113583,-4.2671895027160645
1615375971.3317757,113728,-4.284396171569824
1615375978.4470768,114090,-3.9545071125030518
1615376008.5173914,115540,-3.595392942428589
1615376009.5207736,115791,-3.8852052688598633
1615376021.18429,116379,-3.997000217437744
1615376027.2661173,116587,-4.03392219543457
1615376031.3452177,116659,-4.220511436462402
1615376037.8847215,117028,-4.357422351837158
1615376040.386682,117279,-4.268849849700928
1615376058.3674595,118007,-4.1351704597473145
1615376067.290188,118601,-3.7311315536499023
1615376072.3409357,118852,-3.7859456539154053
1615376078.0629883,118961,-4.031214714050293
1615376084.4484344,119252,-3.813533306121826
1615376088.9986901,119677,-3.4551897048950195
1615376094.0362942,119928,-3.4120354652404785
1615376098.9940903,120082,-3.516087055206299
1615376102.0290887,120128,-3.2777955532073975
1615376108.98416,120459,-3.509629964828491
1615376116.5729415,120963,-3.350344181060791
1615376123.978605,121300,-3.3627190589904785
1615376131.8889673,121802,-3.2527408599853516
1615376136.8348129,121927,-3.336534261703491
1615376139.3528154,122048,-3.4276509284973145
1615376159.3275251,122953,-3.5655226707458496
1615376160.1956375,123113,-3.844599485397339
1615376177.3219187,123847,-3.7902474403381348
1615376189.588171,124470,-3.9531948566436768
1615376200.278823,124967,-4.032405853271484
1615376211.4874432,125681,-4.631546974182129
1615376224.5209653,126364,-4.396343231201172
1615376234.7115326,126866,-4.303825378417969
1615376249.258792,127581,-4.511001110076904
1615376260.1886508,128117,-4.303606033325195
1615376316.3629894,130637,-2.9789528846740723
1615376322.5090563,131139,-3.146047830581665
1615376327.543029,131248,-2.8627071380615234
1615376336.0207431,131796,-2.387239694595337
1615376342.3825252,131917,-1.891810655593872
1615376350.6323113,132498,-2.1745054721832275
1615376356.5063074,132584,-2.268249034881592
1615376358.48776,132725,-2.397620439529419
1615376376.3671532,133748,-2.4351072311401367
1615376403.176558,135047,-2.825309991836548
1615376419.7263765,135643,-2.9506916999816895
1615376434.5086298,136342,-2.3849399089813232
1615376435.4747705,136593,-2.2632381916046143
1615376440.453383,136632,-2.0377941131591797
1615376441.4406574,136883,-1.9036177396774292
1615376460.0612109,137782,-1.892851710319519
1615376467.737261,138120,-1.7559645175933838
1615376478.5807245,138677,-1.6740995645523071
1615376483.6044886,138744,-1.6921627521514893
1615376485.0082133,138805,-1.7107288837432861
1615376486.2909906,138873,-1.7205625772476196
1615376515.7854998,140405,-2.00058650970459
1615376519.564626,140656,-1.9171223640441895
1615376529.7451982,140941,-1.583039402961731
1615376550.3268285,142129,-1.9805231094360352
1615376562.266598,142534,-2.0265369415283203
1615376587.4628916,143911,-2.6378443241119385
1615376597.8561366,144389,-2.583714246749878
1615376602.4518282,144427,-2.5786843299865723
1615376603.5535724,144589,-2.3645715713500977
1615376613.4317863,144976,-2.186420440673828
1615376614.9431274,145129,-2.1863815784454346
1615376627.1155822,145744,-1.9907029867172241
1615376645.5503314,146513,-1.8409878015518188
1615376646.8984544,146554,-2.05987548828125
1615376656.034613,147193,-2.0421464443206787
1615376661.4346156,147271,-2.041276454925537
1615376663.2356877,147515,-2.295111656188965
1615376668.1725366,147583,-2.046567440032959
1615376678.798541,148084,-1.8456722497940063
1615376680.1120887,148220,-1.8375533819198608
1615376689.8394637,148649,-1.995470404624939
1615376692.0017395,148900,-1.9954098463058472
1615376709.5114539,149625,-0.5348214507102966
1615376720.963927,150206,-0.5520471930503845
1615376729.6251462,150498,-0.8086110353469849
1615376731.7923458,150643,-1.130631923675537
1615376733.5372198,150679,-1.1253480911254883
1615376749.9333575,151544,-0.4789831340312958
1615376752.4109635,151646,-0.49929410219192505
1615376754.6916223,151897,-0.6142524480819702
1615376766.0775135,152243,-0.3370955288410187
1615376794.9440658,153804,0.028326112776994705
1615376804.0935543,154183,-0.15583042800426483
1615376816.0086136,154608,0.2744574248790741
1615376816.9256804,154754,0.4767366647720337
1615376825.74266,155087,0.2646752595901489
1615376832.2387218,155413,0.21411707997322083
1615376848.1827216,156344,0.611430823802948
1615376880.1961467,157689,1.190773367881775
1615376886.6441972,157994,1.0653231143951416
1615376905.810391,158885,0.9427114129066467
1615376906.714875,158968,0.8178465962409973
1615376909.5110693,159078,1.1246286630630493
1615376911.8873687,159193,1.2902880907058716
1615376924.8249424,159834,0.9630248546600342
1615376934.9298189,160464,0.8604193925857544
1615376940.9677773,160644,0.9173496961593628
1615376951.8986094,161081,0.72282874584198
1615376952.899128,161332,0.8586543798446655
1615376958.0740652,161583,0.9805085062980652
1615376988.9452484,163079,0.4197021424770355
1615377006.783159,163738,0.8057957291603088
1615377013.0133305,164071,1.2124041318893433
1615377014.6750863,164322,1.2703028917312622
1615377019.7984593,164389,1.2524670362472534
1615377048.0772595,165835,0.5929105281829834
1615377052.0234709,165996,0.7212834358215332
1615377064.7312717,166537,0.5505281090736389
1615377078.1231227,167195,0.7330259680747986
1615377079.3049262,167446,0.6264553666114807
1615377093.2374463,167925,-0.04548592120409012
1615377097.7400613,168172,-0.31186941266059875
1615377148.788337,170689,-0.6439048051834106
1615377151.49444,170719,-0.7428348660469055
1615377152.133561,170764,-0.7370238900184631
1615377154.8838656,170909,-0.6026883125305176
1615377156.2390242,171160,-0.5680024027824402
1615377161.37839,171369,-0.615837574005127
1615377201.5722082,173263,-0.4453924298286438
1615377211.4751785,173650,-0.314782977104187
1615377213.8412137,173741,-0.31255772709846497
1615377232.2743576,174788,-0.1629922091960907
1615377236.412535,174837,0.016189618036150932
1615377243.2551503,175172,-0.4661082923412323
1615377246.6774352,175328,-0.45347684621810913
1615377248.441728,175401,-0.4359651505947113
1615377257.2346013,175930,-0.5170118808746338
1615377261.1889794,176211,-0.5890604257583618
1615377267.1486259,176348,-0.22474896907806396
1615377275.954869,176758,-0.08919490873813629
1615377298.6461806,178025,-0.4191526174545288
1615377326.7040827,179192,-0.36493316292762756
1615377327.789988,179273,-0.15582314133644104
1615377329.597961,179524,-0.017585910856723785
1615377339.8860073,179983,0.2943335473537445
1615377350.4341776,180535,0.252864271402359
1615377365.8137221,181146,0.4386841356754303
1615377370.2318938,181365,0.05380433052778244
1615377381.329631,181853,-0.2543589174747467
1615377397.8705273,182665,-0.20754919946193695
1615377404.7752628,183166,-0.09503155201673508
1615377415.1368797,183668,-0.16321927309036255
1615377420.322852,183919,-0.04950491338968277
1615377435.6690657,184485,-0.11044462770223618
1615377438.0870605,184578,-0.016225546598434448
1615377444.9173968,184929,0.26632267236709595
1615377464.4685233,185853,-0.07307078689336777
1615377486.7730472,187138,-0.4992066025733948
1615377507.9229856,188021,-0.3632611930370331
1615377521.6762576,188651,-0.8827333450317383
1615377523.1458743,188802,-0.8315327763557434
1615377526.206892,188883,-1.071402907371521
1615377527.8940332,188975,-0.8379371166229248
1615377543.2580547,189868,-0.7368688583374023
1615377551.7886152,190088,-0.6588531732559204
1615377575.9697657,191319,-0.7712917923927307
1615377579.9305456,191637,-0.9968448281288147
1615377591.1626217,191995,-0.6234926581382751
1615377592.525312,192206,-0.673841655254364
1615377599.1515815,192387,-0.5553346872329712
1615377620.2374547,193408,-0.558076024055481
1615377627.054636,193910,-0.34878861904144287
1615377639.3810527,194343,-0.5564476251602173
1615377648.2768533,194745,-0.6012302041053772
1615377649.4400418,194996,-0.6203153133392334
1615377656.0774226,195317,-0.5891232490539551
1615377661.1700745,195430,-0.6351573467254639
1615377671.479184,195857,-0.5047027468681335
1615377703.4155486,197401,0.10560871660709381
1615377730.4211648,198909,-0.029998917132616043
1615377738.7420034,199310,-0.009404247626662254
1615377761.1705499,200260,0.5035055875778198
1615377768.586788,200568,0.3677111268043518
1615377783.3412204,201359,0.5398731231689453
1615377786.166923,201425,0.5148659944534302
1615377791.5760515,201864,0.4738765060901642
1615377796.5962772,201932,0.47828832268714905
1615377803.2487931,202252,0.6776114106178284
1615377804.7805579,202450,0.610124945640564
1615377814.9861152,202815,0.8300325274467468
1615377858.6022978,204942,0.7599983215332031
1615377860.4142997,204984,0.7551634311676025
1615377861.457491,205235,0.7523755431175232
1615377880.7501266,206170,0.8429276943206787
1615377888.0322337,206359,0.7559716105461121
1615377897.1501937,206750,0.8530747294425964
1615377897.8441243,206821,0.9376392364501953
1615377899.3515537,206933,0.9623239636421204
1615377912.4439266,207590,1.1202596426010132
1615377915.2104633,207638,1.1231218576431274
1615377924.303669,208270,0.8896432518959045
1615377943.2725332,208991,0.9125807881355286
1615377945.750762,209307,1.0704853534698486
1615377973.7970994,210472,1.4569095373153687
1615377975.025236,210556,1.4378626346588135
1615377993.6333356,211430,1.6093512773513794
1615377995.0606053,211681,1.6181230545043945
1615378026.9430313,213024,1.650205135345459
1615378049.6919699,214314,1.644890546798706
1615378054.868383,214565,1.7268980741500854
1615378063.5763752,214845,1.4032937288284302
1615378066.8411283,214976,1.5877188444137573
1615378068.5999212,215227,1.7775222063064575
1615378089.524066,216234,1.125054955482483
1615378094.7314544,216485,0.998188316822052
1615378100.0207627,216736,0.8515408635139465
1615378119.059467,217462,0.7907920479774475
1615378122.9308937,217767,1.0962843894958496
1615378130.1478832,218093,1.063959002494812
1615378155.6692445,219284,0.9728187918663025
1615378177.4342575,220095,0.5689021944999695
1615378178.4118276,220221,0.3435635268688202
1615378185.0988472,220466,0.5426246523857117
1615378202.2297833,221448,0.47582393884658813
1615378238.0443013,223108,0.799111008644104
1615378257.4946609,223809,0.7917280793190002
1615378258.4446425,224060,0.7056053876876831
1615378264.8569605,224358,0.6806972622871399
1615378270.071018,224428,0.6750128269195557
1615378290.4866376,225366,0.524152934551239
1615378309.0020974,226217,0.18455594778060913
1615378309.9992795,226390,-0.08638925105333328
1615378341.1459801,227874,-0.31544092297554016
1615378349.6323893,228309,0.01255950890481472
1615378356.7372484,228505,-0.1718866527080536
1615378366.299238,228964,-0.36580705642700195
1615378390.5456264,230051,-0.007011056877672672
1615378405.2806656,230874,0.011356223374605179
1615378411.9868162,231007,-0.11197803914546967
1615378412.9677746,231088,-0.02553153969347477
1615378431.1360338,232098,-0.09681808203458786
1615378465.9457738,233715,-0.4426089823246002
1615378472.295652,233911,-0.2722420394420624
1615378489.9844534,234645,-0.4478848874568939
1615378491.207476,234736,-0.32954224944114685
1615378499.824834,235092,-0.22516007721424103
1615378512.3072703,235809,-0.3607853949069977
1615378522.8770359,236317,-0.495602548122406
1615378528.4395754,236573,-0.727151095867157
1615378534.9207637,236744,-0.6922404766082764
1615378540.407454,237098,-0.7365348935127258
1615378551.2584019,237684,-0.8044222593307495
1615378577.8846025,238725,-0.49695324897766113
1615378595.172191,239718,-0.2237066626548767
1615378601.9688966,240034,0.09060493856668472
1615378612.6294456,240381,-0.18454593420028687
1615378621.1813,240734,0.1416110247373581
1615378622.46656,240985,0.15379789471626282
1615378633.3837461,241350,-0.14899800717830658
1615378635.7188764,241601,-0.004601962398737669
1615378670.2277505,243006,0.3477378487586975
1615378676.735874,243464,1.0111141204833984
1615378681.3130956,243715,0.864163875579834
1615378686.7221339,243966,0.7186235785484314
1615378691.9174182,244004,0.743354856967926
1615378694.2271447,244107,0.907814621925354
1615378701.9853973,244670,1.0394142866134644
1615378723.0130422,245456,1.5535809993743896
1615378724.0852215,245502,1.4437875747680664
1615378737.8489344,246127,1.6539546251296997
1615378741.9354084,246323,1.6591767072677612
1615378742.820038,246360,1.5576958656311035
1615378743.6565704,246432,1.5300695896148682
1615378771.9748497,247772,2.189833641052246
1615378785.9472563,248565,2.283762216567993
1615378796.8059816,249067,2.3158862590789795
1615378802.0695157,249116,2.3223445415496826
1615378805.1569562,249421,2.2949438095092773
1615378823.0728898,250279,2.5741539001464844
1615378828.5027738,250530,2.4580800533294678
1615378839.121471,250843,2.554821014404297
1615378840.49069,250952,2.537783622741699
1615378842.769342,250993,2.5495479106903076
1615378847.9812965,251433,2.4773306846618652
1615378858.7537575,251935,2.3406224250793457
1615378865.5851705,252248,2.32633900642395
1615378894.4571674,253483,2.0160584449768066
1615378928.585976,254967,1.9347224235534668
1615378941.4892266,255580,2.18354868888855
1615378943.0997155,255831,2.275975227355957
1615378957.5529747,256471,2.3965721130371094
1615378962.266761,256613,2.3528177738189697
1615378980.8155217,257574,2.0538976192474365
1615379002.219827,258361,1.8967201709747314
1615379028.665719,259551,1.8308498859405518
1615379029.5821953,259769,1.714815616607666
1615379038.6600223,260037,2.1739323139190674
1615379060.1459186,261104,2.1310153007507324
1615379064.0306005,261184,2.00258731842041
1615379068.6204593,261598,2.0020697116851807
1615379097.5027058,262897,2.2566497325897217
1615379101.998809,262943,2.3782851696014404
1615379106.0675645,263177,2.509140968322754
1615379117.5712583,263653,2.4302494525909424
1615379130.2360349,264264,2.7099883556365967
1615379174.4140847,266301,2.7185444831848145
1615379176.6020637,266425,2.770925283432007
1615379178.2873268,266487,2.662252902984619
1615379194.0162332,267188,2.8095269203186035
1615379194.998138,267318,2.790210247039795
1615379197.9115462,267569,2.6530110836029053
1615379208.6913629,268071,2.525056838989258
1615379219.0636826,268352,2.2893781661987305
1615379253.7306511,269981,1.6101648807525635
1615379279.7581391,271198,1.7694129943847656
1615379286.9370592,271683,1.7013083696365356
1615379306.3490736,272391,1.864142656326294
1615379307.8592987,272642,1.6996771097183228
1615379326.5937676,273316,1.5710365772247314
1615379340.254222,273944,1.422831654548645
1615379341.491327,274195,1.5038317441940308
1615379356.9838772,274911,1.3308461904525757
1615379369.6737669,275292,1.180140495300293
1615379376.0782878,275778,1.2330354452133179
1615379382.367536,276085,1.3146754503250122
1615379406.1643515,276984,1.1037769317626953
1615379414.4072075,277383,1.313741683959961
1615379421.3491042,277885,0.956765353679657
1615379429.4609542,278211,0.9336211085319519
1615379440.3633986,278583,0.6600701212882996
1615379448.6464741,279149,0.7129491567611694
1615379455.3541687,279459,0.7047327756881714
1615379480.1520162,280415,1.0297772884368896
1615379484.8508718,280613,1.5139739513397217
1615379520.708663,282270,1.4275870323181152
1615379521.7247622,282521,1.4507603645324707
1615379527.141413,282772,1.369948387145996
1615379573.755436,284749,1.6554006338119507
1615379587.2966583,285355,1.750382423400879
1615379595.493674,285730,1.7654755115509033
1615379596.5957568,285890,1.6817348003387451
1615379606.393813,286248,1.829841136932373
1615379607.8985994,286499,1.6746658086776733
1615379624.0295577,287068,1.7014893293380737
1615379630.8715997,287376,1.7512062788009644
1615379634.0181737,287601,1.6559007167816162
1615379644.2143826,288023,1.5349657535552979
1615379647.9734166,288171,1.4641965627670288
1615379654.9065387,288639,1.212868571281433
1615379663.5745804,289068,1.423373818397522
1615379677.5232859,289523,1.1592113971710205
1615379684.4152586,290034,1.1305015087127686
1615379690.697632,290127,1.052680492401123
1615379698.009344,290539,1.2457695007324219
1615379707.1718225,291084,1.3999203443527222
1615379712.4099085,291148,1.4031647443771362
1615379749.0975087,292832,1.5584890842437744
1615379770.1865838,293797,1.1212365627288818
1615379780.890058,294488,0.8992153406143188
1615379786.1557708,294552,0.9040015935897827
1615379787.7174213,294803,1.0318272113800049
1615379794.4849284,295116,1.009814739227295
1615379799.752735,295180,0.9998593926429749
1615379806.5878043,295486,1.1083203554153442
1615379809.7740993,295622,1.3409767150878906
1615379817.4970539,296134,1.0693004131317139
1615379821.841673,296179,1.061824083328247
1615379829.6081557,296530,1.1399052143096924
1615379846.9554772,297331,1.1293531656265259
1615379849.1804628,297639,1.2588707208633423
1615379869.1895359,298362,0.917359471321106
1615379873.7367573,298568,0.9457122087478638
1615379874.7190638,298819,1.0493512153625488
1615379884.4822774,299082,1.1845475435256958
1615379887.5764294,299211,1.223450779914856
1615379896.1160347,299603,1.1636340618133545
1615379900.8018854,300014,1.5527582168579102
1615379908.3535266,300363,1.4200966358184814
1615379914.571693,300483,1.6422765254974365
1615379916.1979363,300517,1.6515228748321533
1615379941.780999,301702,2.08793306350708
1615379942.8123548,301953,2.221717357635498
1615379959.2596738,302714,2.0989952087402344
1615379966.6409771,302878,1.7348204851150513
1615379973.8023849,303383,1.7863872051239014
1615379979.0820332,303443,1.7869675159454346
1615379980.5509846,303694,1.6446013450622559
1615379987.0914767,303957,1.5046409368515015
1615379991.5696764,304013,1.5197055339813232
1615379998.3691206,304515,1.4260296821594238
1615380009.8021355,305036,1.5894538164138794
1615380015.1242857,305100,1.5838210582733154
1615380034.493495,306118,2.1839888095855713
1615380038.6835098,306176,2.173280954360962
1615380050.7974837,306723,2.4820175170898438
1615380057.4555173,307225,2.372312068939209
1615380068.1713858,307549,2.3532278537750244
1615380081.928052,308353,2.2879505157470703
1615380112.2075639,309585,2.090911626815796
1615380119.3636572,310015,1.9407474994659424
1615380128.5753396,310329,1.9957906007766724
1615380129.9339793,310374,1.952667236328125
1615380138.741054,310973,2.0757641792297363
1615380145.502687,311286,2.454456090927124
1615380150.7743661,311345,2.4520390033721924
1615380152.224428,311596,2.496812343597412
1615380173.7290401,312387,2.460456609725952
1615380182.5707178,312788,2.3345251083374023
1615380186.1021025,312951,2.442141532897949
1615380218.5053506,314584,2.300243854522705
1615380234.9043128,315406,2.2857818603515625
1615380241.4302194,315508,2.528984308242798
1615380250.189023,316110,2.473757028579712
1615380256.5760162,316405,2.6897637844085693
1615380262.1653914,316656,2.5741240978240967
1615380270.5563204,316889,2.9179680347442627
1615380272.6729689,317124,2.904470205307007
1615380277.6335976,317194,2.9039976596832275
1615380279.1604104,317287,2.9085607528686523
1615380282.2758546,317511,2.8248019218444824
1615380287.00444,317800,2.893076181411743
1615380292.453126,318051,2.8077337741851807
1615380304.9900038,318447,2.984389543533325
1615380306.500772,318698,3.0668118000030518
1615380313.0434964,319000,2.9219257831573486
1615380329.2264364,319585,2.851771354675293
1615380342.5054502,320159,2.752720832824707
1615380382.4131305,321935,2.1804585456848145
1615380393.875024,322486,2.2645559310913086
1615380410.1672025,323111,2.0260050296783447
1615380434.167067,324245,2.1623826026916504
1615380445.4400148,324527,2.52962064743042
1615380464.7093647,325226,2.719367504119873
1615380466.744075,325477,2.6993885040283203
1615380474.7138855,325791,2.667900562286377
1615380487.4925718,326125,2.9246826171875
1615380497.1666374,326488,2.817617177963257
1615380498.7598977,326525,2.8210079669952393
1615380499.6586092,326581,2.9518964290618896
1615380528.566042,327936,2.8407514095306396
1615380534.0040166,328004,2.8186419010162354
1615380535.7146041,328255,2.826854705810547
1615380544.085255,328431,2.70328950881958
1615380558.261758,329276,2.6530771255493164
1615380592.1482224,330548,2.646387815475464
1615380597.7218704,330799,2.5078623294830322
1615380603.7724967,331050,2.5442686080932617
1615380609.6467905,331301,2.55788254737854
1615380641.574833,332146,2.4267842769622803
1615380675.6414764,333562,2.7689208984375
1615380697.824533,334166,2.7664079666137695
1615380741.6256945,335788,2.8223350048065186
1615380748.5781655,335809,2.82513689994812
1615380757.6201136,336141,2.964998722076416
1615380809.3371158,337887,3.276812791824341
1615380821.8729184,338232,3.307337522506714
1615380836.991599,338818,3.198626756668091
1615380845.8101647,338866,3.1972904205322266
1615380847.5786202,339117,3.081511974334717
1615380855.842675,339257,3.3256139755249023
1615380886.693102,340427,3.379189968109131
1615380894.7701259,340702,3.3798255920410156
1615380902.2043846,341001,3.349759578704834
1615380909.2714906,341310,3.221101999282837
1615380951.8786705,342659,3.1250743865966797
1615380998.000316,343972,3.49269962310791
1615381005.4691544,344010,3.504085063934326
1615381024.1110666,344732,3.454956531524658
1615381041.7070556,345446,3.6619277000427246
1615381060.9193065,346380,3.926982879638672
1615381085.2881167,347348,3.274477958679199
1615381087.3418458,347413,3.2708077430725098
1615381088.8077855,347541,3.3516647815704346
1615381091.6604123,347792,3.2246005535125732
1615381102.5623968,348294,3.140078067779541
1615381118.8103714,349039,3.0738492012023926
1615381182.076738,351306,3.206047534942627
1615381188.8829882,351540,3.374042272567749
1615381200.037875,352081,3.5550947189331055
1615381201.4355736,352332,3.6808578968048096
1615381209.2433977,352596,3.5888864994049072
1615381225.86401,353071,3.375622272491455
1615381235.46017,353635,3.3473312854766846
1615381243.0420344,353936,3.3344147205352783
1615381262.082183,354485,3.243488073348999
1615381263.47752,354524,3.139911413192749
1615381264.4327075,354562,3.149601936340332
1615381297.474597,355793,3.4994616508483887
1615381298.6008005,356044,3.6129684448242188
1615381311.1638336,356353,3.640237331390381
1615381312.6681638,356454,3.645791530609131
1615381316.6669202,356549,3.878361940383911
1615381331.6168952,357160,3.6528713703155518
1615381339.3981266,357449,3.532863140106201
1615381348.333535,357999,3.579096555709839
1615381355.1424937,358303,3.668799877166748
1615381364.0591638,358623,3.777566909790039
1615381372.5571625,358725,3.655364990234375
1615381398.086451,359759,3.621229887008667
1615381410.0828037,360257,3.99008846282959
1615381417.0151792,360526,4.481711387634277
1615381423.1833568,360835,4.4861907958984375
1615381431.3608859,361403,4.782607078552246
1615381446.7015936,361887,4.592691421508789
1615381471.5124085,362734,4.631385803222656
1615381472.7494001,362832,4.510777473449707
1615381479.5492868,363236,4.413183212280273
1615381491.0178876,363490,4.614057540893555
1615381504.8858836,364143,4.488171100616455
1615381510.3820512,364456,4.340015411376953
1615381526.8090916,364925,4.221983432769775
1615381540.8501604,365641,4.193364143371582
1615381554.816382,366026,4.5110039710998535
1615381556.8688188,366068,4.499119281768799
1615381557.9596875,366319,4.366368770599365
1615381563.7327783,366381,4.364361763000488
1615381572.6003864,366947,4.340022087097168
1615381587.5283465,367639,4.359857559204102
1615381606.8952942,368340,4.196108341217041
1615381607.7627683,368405,4.1884284019470215
1615381615.4243321,368943,4.047915458679199
1615381639.6057172,370075,3.9936165809631348
1615381655.583591,370588,3.76181960105896
1615381668.9080725,371341,3.5958423614501953
1615381681.5882533,371720,3.5379040241241455
1615381683.139524,371971,3.563865900039673
1615381689.3677566,372058,3.4714577198028564
1615381696.5168512,372393,3.602849245071411
1615381697.3513927,372442,3.6049211025238037
1615381700.103482,372713,3.47234845161438
1615381720.4247398,373710,3.4845900535583496
1615381731.941376,374250,3.1608901023864746
1615381744.0548925,374734,2.9935286045074463
1615381747.4917572,374815,2.964993953704834
1615381759.3075478,375350,3.114488363265991
1615381775.5587554,376097,3.2190394401550293
1615381812.54406,377895,3.144232749938965
1615381820.6725671,378254,3.6270699501037598
1615381824.7481155,378557,3.650357484817505
1615381840.192103,379086,3.5077767372131348
1615381850.852501,379628,3.3104491233825684
1615381859.0994654,380150,3.1769285202026367
1615381878.6627827,380909,3.114734411239624
1615381892.2032113,381540,3.140897035598755
1615381905.794362,382182,3.1697399616241455
1615381909.9333434,382360,3.415198564529419
1615381953.3220987,384552,3.6174328327178955
1615381995.1834269,386318,3.630608558654785
1615381996.4396892,386569,3.516512632369995
1615382001.6109025,386634,3.5200483798980713
1615382013.9279902,387387,3.428513526916504
1615382037.4307084,388472,3.392075538635254
1615382056.8042414,389227,3.2881362438201904
1615382058.5620887,389363,3.302619457244873
1615382061.72456,389588,3.431704044342041
1615382066.5640054,389839,3.3265185356140137
1615382071.7784636,389923,3.4150750637054443
1615382073.5369935,389967,3.4265947341918945
1615382074.5639448,390074,3.6678714752197266
1615382094.1969438,390974,4.059836387634277
1615382156.1169677,393837,4.2556891441345215
1615382157.4420776,394088,4.361452579498291
1615382162.6518347,394147,4.366995334625244
1615382182.797941,395214,4.685009479522705
1615382218.4093628,396731,4.788495063781738
1615382221.6473424,396868,4.565114498138428
1615382228.1906302,397178,4.651036739349365
1615382245.5858793,398002,4.631064414978027
1615382247.0094752,398253,4.682695388793945
1615382258.2229667,398577,4.931307315826416
1615382264.4475427,398873,4.924299240112305
1615382265.5854366,399124,4.8444671630859375
1615382271.7653892,399206,4.729151725769043
1615382310.85025,401020,5.146202087402344
1615382323.0350163,401787,4.8961100578308105
1615382331.661537,402018,4.892098903656006
1615382340.0170653,402461,5.030544757843018
1615382369.4187071,403775,4.4179534912109375
1615382370.8578672,403920,4.195324897766113
1615382387.1481502,404783,4.156178951263428
1615382393.875328,404930,4.372523307800293
1615382395.5058331,405004,4.13638162612915
1615382410.367826,405669,4.4549055099487305
1615382415.4406266,405901,4.582798957824707
1615382416.3557167,405977,4.5627121925354
1615382427.6087623,406653,4.598996639251709
1615382433.9828787,406789,4.603546619415283
1615382440.3680158,407252,4.458475589752197
1615382449.9235518,407498,4.699102878570557
1615382451.005387,407749,4.424647331237793
1615382477.0607042,408969,4.524875640869141
1615382494.8922946,409598,4.415875434875488
1615382496.53998,409700,4.398270606994629
1615382497.9043853,409811,4.391073226928711
1615382500.2053049,409849,4.404828071594238
1615382508.5536172,410265,4.188510417938232
1615382519.4197705,410948,4.456315517425537
1615382558.8656332,412727,4.357518196105957
1615382576.6348293,413600,4.44591760635376
1615382623.5045984,415618,4.211282253265381
1615382639.9522443,416556,4.3362226486206055
1615382649.3709505,416841,4.066298961639404
1615382650.0942812,416889,4.0520124435424805
1615382653.6575882,417182,4.281293869018555
1615382688.1860216,418890,3.671172857284546
1615382707.512518,419808,3.413426637649536
1615382720.1526582,420409,3.581969738006592
1615382745.8611448,421440,3.1529202461242676
1615382749.336285,421605,3.151707172393799
1615382755.7590342,421924,3.4002959728240967
1615382760.6255527,422128,3.16509747505188
1615382765.3550198,422366,3.281313419342041
1615382775.981628,423061,3.1730475425720215
1615382781.3199823,423312,3.2345757484436035
1615382794.636291,423748,3.094369888305664
1615382795.7831533,423999,2.9870121479034424
1615382800.9158583,424074,2.954366683959961
1615382813.867843,424658,3.034636974334717
1615382815.8568316,424761,3.263625383377075
1615382820.060476,425149,2.913849353790283
1615382825.3714032,425400,2.8220810890197754
1615382835.7692688,425733,2.807159185409546
1615382854.584546,426787,2.731104850769043
1615382860.4477632,426861,2.9321417808532715
1615382861.3270729,426933,3.038010835647583
1615382862.901245,427068,3.0246260166168213
1615382879.6838553,427975,3.0384232997894287
1615382890.076776,428291,3.174079418182373
1615382893.0235746,428432,3.1023643016815186
1615382916.5827081,429569,2.8828539848327637
1615382920.6150393,429708,3.150512456893921
1615382924.9292457,430119,2.8192031383514404
1615382935.3429167,430415,2.794006824493408
1615382941.7361665,430915,2.5479507446289062
1615382951.8874598,431231,2.8532421588897705
1615382981.2684329,432595,2.6287002563476562
1615382988.5560596,432985,2.996967315673828
1615382991.2407992,433171,3.1322803497314453
1615383003.1002548,433741,3.037806272506714
1615383021.60926,434558,3.355034589767456
1615383034.7994583,435136,3.4558913707733154
1615383043.6529427,435541,3.708700656890869
1615383058.3123913,436271,3.7643697261810303
1615383078.4131334,437247,4.362889766693115
1615383081.4390435,437420,4.510649681091309
1615383097.2027586,438289,4.242859840393066
1615383124.2514534,439459,4.368871688842773
1615383131.4538465,439718,4.584794044494629
1615383132.5159032,439829,4.713329792022705
1615383145.99476,440390,4.8978657722473145
1615383146.8570032,440616,4.905760765075684
1615383151.4863663,440669,4.90542459487915
1615383158.0402043,441171,4.8053388595581055
1615383169.9355357,441682,4.583191871643066
1615383186.231242,442304,4.620284080505371
1615383192.613809,442805,5.0157294273376465
1615383197.7650871,442881,5.001769065856934
1615383204.6533613,443181,4.882039546966553
1615383221.7913086,444039,5.0767903327941895
1615383257.0286052,445862,4.998259544372559
1615383281.3985536,447015,5.190703868865967
1615383288.920078,447186,5.3721442222595215
1615383290.301225,447437,5.204937934875488
1615383313.8943639,448385,5.219195365905762
1615383315.592232,448636,5.1348137855529785
1615383320.869425,448887,5.006474494934082
1615383326.1471248,449138,5.012035846710205
1615383342.545105,449727,5.533065319061279
1615383354.357367,450379,5.431503772735596
1615383433.299959,454218,4.927750587463379
1615383441.7981522,454412,5.117762088775635
1615383443.68095,454512,5.362305164337158
1615383461.9157887,455576,4.970685005187988
1615383473.3584454,455918,4.826956272125244
1615383474.2773623,455958,4.595941066741943
1615383476.3447666,456258,4.601579666137695
1615383481.4462962,456302,4.708360195159912
1615383505.6565566,457647,4.750231742858887
1615383511.8275614,457939,4.6452317237854
1615383518.0176544,458233,4.64238166809082
1615383549.4605227,459547,4.762662887573242
1615383564.5383842,460435,4.849836826324463
1615383569.669475,460494,4.831738471984863
1615383586.4259765,461290,5.117753505706787
1615383591.9754014,461548,5.2150559425354
1615383598.5897982,461866,5.061058521270752
1615383605.350639,462228,5.086809158325195
1615383616.052549,462679,5.1527838706970215
1615383619.4751966,463029,5.372978210449219
1615383635.2810068,463778,5.04349946975708
1615383668.773287,465175,5.170123100280762
1615383670.1003883,465426,5.038074016571045
1615383675.216327,465470,5.047557353973389
1615383694.2369564,466393,4.771599292755127
1615383720.4548461,467621,4.602345943450928
1615383733.3570712,468229,4.601509094238281
1615383739.7726915,468523,4.725080966949463
1615383740.7772713,468662,4.60263204574585
1615383743.6940782,468730,4.7053632736206055
1615383752.8429856,469159,4.633747100830078
1615383771.9251862,470240,4.453300476074219
1615383792.9123676,471026,4.303674697875977
1615383799.0798342,471346,4.559090614318848
1615383812.1947122,472146,4.534448146820068
1615383817.448176,472361,4.436064720153809
1615383825.0837016,472588,4.528515338897705
1615383837.0843236,473136,4.669877052307129
1615383843.576835,473447,4.672250747680664
1615383862.8654947,474342,4.714714527130127
1615383869.7352197,474864,4.749553203582764
1615383878.8073003,475293,4.640681743621826
1615383888.9058948,475589,4.643019199371338
1615383891.2188227,475802,4.72676420211792
1615383900.785062,476127,4.6522536277771
1615383906.810966,476426,4.6962056159973145
1615383913.9076433,476780,4.813017845153809
1615383922.5441058,477365,4.70172643661499
1615383929.0223763,477672,4.702703475952148
1615383944.9744833,478320,4.935568332672119
1615383957.4674165,478824,4.7893595695495605
1615383958.6335993,479031,4.831475257873535
1615383970.0502398,479614,4.850041389465332
1615383992.61153,480490,5.1183366775512695
1615384017.9296308,481678,5.319324016571045
1615384029.4542305,482315,5.284008502960205
1615384034.5321581,482466,5.5204620361328125
1615384035.6193352,482717,5.561004638671875
1615384047.071512,483256,5.344831943511963
1615384057.6124275,483668,5.185766220092773
1615384074.173281,484536,5.506809711456299
1615384079.2724237,484552,5.502377986907959
1615384088.4182367,485008,5.363086223602295
1615384094.6896863,485466,5.124256134033203
1615384115.8427496,486329,5.267441272735596
1615384117.3804016,486580,5.279829502105713
1615384124.0567317,486895,5.18068265914917
1615384137.238077,487520,5.133182525634766
1615384160.6591449,488425,5.000668048858643
1615384173.4513469,489049,4.874485492706299
1615384178.6767201,489291,4.983963489532471
1615384194.9491708,490246,4.682060718536377
1615384224.2486675,491453,4.201785087585449
1615384228.0287228,491600,4.417437553405762
1615384230.1654284,491710,4.412601947784424
1615384231.1578562,491783,4.649473667144775
1615384245.6594276,492432,4.6196112632751465
1615384246.5874007,492683,4.642209053039551
1615384257.243469,492980,4.736528396606445
1615384263.3728914,493270,4.748532772064209
1615384264.3880033,493521,4.607843399047852
1615384270.7537575,493822,4.6388397216796875
1615384288.4069693,494461,4.7347517013549805
1615384314.980884,495910,4.107413291931152
1615384334.9670005,496656,4.454746723175049
1615384337.1791394,496754,4.693424701690674
1615384338.1645248,497005,4.792308330535889
1615384358.2861917,497955,4.628988265991211
1615384363.4529505,497993,4.6260085105896
1615384372.7837768,498430,4.764034748077393
1615384374.694396,498563,4.640887260437012
1615384386.6181264,499084,5.235914707183838
1615384387.596215,499335,5.234447479248047
1615384399.0316944,499668,4.970376014709473
1615384407.844668,500105,5.0513834953308105
1615384444.7560265,501852,5.326179504394531
1615384457.149386,502512,5.316648960113525
1615384459.9904726,502545,5.3221001625061035
1615384463.2761974,502712,5.456348419189453
1615384473.2279217,503184,5.843200206756592
1615384492.457917,504283,5.654782772064209
1615384497.5835812,504330,5.654387474060059
1615384516.2548285,505217,5.531293869018555
1615384517.5262847,505468,5.420125484466553
1615384528.0644984,505848,5.416633605957031
1615384559.6617935,507366,5.282512664794922
1615384578.9228797,508370,4.946651935577393
1615384585.1080391,508661,5.081482887268066
1615384591.1265502,508805,5.311539649963379
1615384599.3508866,509134,5.683770179748535
1615384606.7614164,509684,5.57413387298584
1615384633.3653624,510743,5.476408004760742
1615384652.1580095,511832,5.6071343421936035
1615384662.573471,512120,5.535211563110352
1615384701.7740982,514175,5.164351463317871
1615384707.0703146,514426,5.276321887969971
1615384726.483472,515165,5.272782802581787
1615384747.0978577,516178,5.448211193084717
1615384816.3806982,519462,5.212949275970459
1615384818.827137,519510,5.216865062713623
1615384825.188919,519813,5.2247538566589355
1615384832.546946,520353,5.191866874694824
1615384838.8206599,520483,5.30190896987915
1615384894.4436176,523158,5.245613098144531
1615384905.840112,523580,5.278520107269287
1615384918.4163737,524173,5.216857433319092
1615384924.6155636,524424,5.110785961151123
1615384931.0389636,524675,5.138571739196777
1615384937.185298,524767,5.229859828948975
1615384949.1128535,525202,5.3847975730896
1615384957.6679206,525770,5.328166484832764
1615384969.9247055,526272,5.228419780731201
1615384982.2509048,526556,5.223072528839111
1615385001.3614845,527627,5.288543224334717
1615385013.499944,527956,5.305203914642334
1615385014.7322578,528207,5.248571395874023
1615385023.727351,528603,5.157248497009277
1615385049.9139025,529508,4.806892395019531
1615385084.1090524,530563,4.412910461425781
1615385087.9814389,530812,4.6265692710876465
1615385093.3883088,530984,4.719425678253174
1615385098.134125,531290,4.703099250793457
1615385105.5284114,531386,4.708607196807861
1615385133.27139,532307,4.6721906661987305
1615385143.1452603,532660,4.667004108428955
1615385145.7009614,532760,4.765874862670898
1615385154.1856928,533050,4.904536247253418
1615385157.6581104,533399,5.052646636962891
1615385192.4419754,534427,4.8653035163879395
1615385200.3292966,534725,4.744041442871094
1615385201.8511255,534976,4.727573394775391
1615385211.8947577,535372,5.082007884979248
1615385238.525059,536235,5.2774658203125
1615385242.6285863,536369,5.024563789367676
1615385272.1003594,537523,5.229560375213623
1615385276.5924346,537674,5.322769641876221
1615385278.5011969,537785,5.322883129119873
1615385297.0384254,538726,4.971550941467285
